{
  "avg_price": 1.044661775713062,
  "final_inventory_cover": 0.27593469753681565,
  "peak_shortage": 9.999999984028605,
  "total_shortage": 10.000000230567736
}