{
  "avg_price": 1.1311488528008813,
  "final_inventory_cover": 0.3280519476622428,
  "peak_shortage": 14.99999990937367,
  "total_shortage": 23.539465696924154
}