{
  "avg_price": 1.00000000170675,
  "final_inventory_cover": 0.20000000022513467,
  "peak_shortage": 1.5999999902760464e-07,
  "total_shortage": 3.985060459399392e-07
}