{
  "avg_price": 0.922885022963726,
  "final_inventory_cover": 0.15414651706933438,
  "peak_shortage": 40.00000003144348,
  "post_shock_total_shortage": 30.468452299633014,
  "shock_window_total_shortage": 40.00000003144348,
  "shock_year_shortage": 40.00000003144348,
  "total_shortage": 70.46845249107649
}