{
  "avg_price": 1.068525475106451,
  "final_inventory_cover": 0.37998167081410233,
  "peak_shortage": 30.000000011806364,
  "post_shock_total_shortage": 0.0,
  "shock_window_total_shortage": 30.000000011806364,
  "shock_year_shortage": 30.000000011806364,
  "total_shortage": 30.000000258345494
}