year,K,I,P,Q,Q_eff,D,shortage,tight,cover,shock_export_restriction,shock_demand_surge,shock_capex_shock,shock_stockpile_release
2000,108.695652,20.0,1.0,99.99999984,99.99999984,100.0,1.5999999902760464e-07,1.5999999902760465e-09,0.19999999840000002,0.0,0.0,0.0,0.0
2001,108.695652,19.99999984,1.000000002048,99.99999986226086,99.99999986226086,99.9999999488,8.653913141642988e-08,8.653913146073793e-10,0.1999999976370087,0.0,0.0,0.0,0.0
2002,108.69565202968116,19.99999975346087,1.000000003874549,99.99999990942132,99.99999990942132,99.99999990313628,0.0,-6.285034720980309e-11,0.19999999779118646,0.0,0.0,0.0,0.0
2003,108.69565207594032,19.999999759745904,1.000000004884499,99.99999996295747,99.99999996295747,99.99999987788752,0.0,-8.506995651643448e-10,0.19999999869238358,0.0,0.0,0.0,0.0
2004,108.69565212141671,19.99999984481586,1.0000000048315953,100.00000000422072,100.00000000422072,99.99999987921012,0.0,-1.2501060113302302e-09,0.19999999993984438,0.0,0.0,0.0,0.0
2005,108.69565215096759,19.99999996982646,1.0000000038603853,100.00000002085089,100.00000002085089,99.99999990349036,0.0,-1.1736052851987126e-09,0.2000000010648892,0.0,0.0,0.0,0.0
2006,108.69565215659267,20.00000008718699,1.0000000024103544,100.00000001026477,100.00000001026477,99.99999993974114,0.0,-7.052362609258639e-10,0.20000000169762389,0.0,0.0,0.0,0.0
2007,108.69565215659267,20.000000157710616,1.000000001031306,99.99999999527512,99.99999999527512,99.99999997421735,0.0,-2.1057772420108018e-10,0.20000000183924918,0.0,0.0,0.0,0.0
2008,108.69565215659267,20.00000017876839,0.9999999999800041,99.99999998384791,69.99999998869353,100.0000000004999,30.000000011806364,0.30000000011656397,0.0,0.3,0.0,0.0,0.0
2009,108.69565215659267,0.0,1.3993390249134394,103.65217389732304,103.65217389732304,91.94312560782863,0.0,-0.12735099238890157,0.12735099238890157,0.0,0.0,0.0,0.0
2010,113.9076183384344,11.709048289494405,1.308643009628042,107.85901821019931,107.85901821019931,93.49635985776203,0.0,-0.153617299906515,0.2788526385582831,0.0,0.0,0.0,0.0
2011,116.28616890341038,26.071706641931684,1.1143236438152355,108.24204553273994,108.24204553273994,97.33009866387208,0.0,-0.1121127690063491,0.37998167081410233,0.0,0.0,0.0,0.0
