{
  "avg_price": 1.1311488528008813,
  "final_inventory_cover": 0.3280519476622428,
  "peak_shortage": 14.99999990937367,
  "post_shock_total_shortage": 0.0,
  "shock_window_total_shortage": 23.539465450385023,
  "shock_year_shortage": 14.99999990937367,
  "total_shortage": 23.539465696924154
}