{
  "avg_price": 1.456985940186744,
  "final_inventory_cover": 0.15029059666985647,
  "peak_shortage": 9.233144864984766,
  "total_shortage": 26.083743362673346
}