{
  "avg_price": 1.0000000031299119,
  "final_inventory_cover": 0.20000000169762389,
  "peak_shortage": 1.5999999902760464e-07,
  "post_shock_total_shortage": 2.4653913044403453e-07,
  "shock_window_total_shortage": 0.0,
  "total_shortage": 2.4653913044403453e-07
}