{
  "avg_price": 0.8410315684765867,
  "final_inventory_cover": 0.3493686393702196,
  "peak_shortage": 11.846352589897279,
  "total_shortage": 25.645862081142937
}