{
  "avg_price": 1.044661775713062,
  "final_inventory_cover": 0.27593469753681565,
  "peak_shortage": 9.999999984028605,
  "post_shock_total_shortage": 0.0,
  "shock_window_total_shortage": 9.999999984028605,
  "shock_year_shortage": 9.999999984028605,
  "total_shortage": 10.000000230567736
}