{
  "avg_price": 1.0001636277024228,
  "final_inventory_cover": 0.0,
  "peak_shortage": 113.16000001721764,
  "post_shock_total_shortage": 0.0,
  "shock_window_total_shortage": 203.60791754619686,
  "shock_year_shortage": 113.16000001721764,
  "total_shortage": 203.60791779273598
}